<?xml version="1.0"?>
<?xml-stylesheet href="ds2.xsl" type="text/xsl"?>
<!DOCTYPE TEI.2 SYSTEM "ds3.dtd"[

	<!ENTITY % ISOlat1 SYSTEM "ISOlat1.pen"> %ISOlat1;  
	<!ENTITY % ISOlat2 SYSTEM "ISOlat2.pen"> %ISOlat2;  
	<!ENTITY % ISOnum SYSTEM "ISOnum.pen"> %ISOnum;  
	<!ENTITY % ISOpub SYSTEM "ISOpub.pen"> %ISOpub;  
        <!ENTITY longs "s">
        <!ENTITY ecaud "ae">
        <!ENTITY et "&amp;">
        <!ENTITY mz "m"> ]>

<TEI.2>
<teiHeader date.created="2002-08-27" creator="skg">
<fileDesc>
<titleStmt>
<title>Phormio: A machine-readable transcription</title>
<author>Publius Terence Afer</author>
<respStmt>
<resp>Transcribed and marked up by</resp> <name>Sharon K. Goetz</name>
</respStmt></titleStmt>

<publicationStmt>
<authority>Digital Scriptorium</authority>
<availability status="unknown"><p>Contact Digital Scriptorium for more information.</p></availability>
<date>2002</date>
</publicationStmt>

<sourceDesc>
<bibl>
<msIdentifier>
<region>New York</region>
<settlement>New York</settlement>
<institution>Columbia University</institution>
<repository>Rare Book and Manuscript Library</repository>
<collection>Lodge</collection>
<idno>MS 02</idno>
</msIdentifier></bibl>
</sourceDesc></fileDesc>

<encodingDesc>
<samplingDecl>
<p>The play text has been transcribed without regard for the marginal and interlinear glosses.</p></samplingDecl>
<editorialDecl>
<p>Letters touched with red are tagged &lt;hi rend="rline"&gt;; letters written in red mark changes of speaker and are tagged simply with &lt;speaker&gt;. No attempt is made to correct or restore idiosyncrasies in the Latin, and some abbreviations are left unexpanded. Only the round form of "r" is used in the manuscript, and it is represented in the transcription by the keyboard letter; long s, however, is distinguished by &amp;longs;, e-caudata is recorded as &amp;ecaud;, and the "et" glyph is recorded as &amp;et;. Final m written at a ninety-degree rotation to the right (rather like a cursive z) is recorded as &amp;mz;. (See the entity list above.) Medial points are marked with a period. Small gaps, including between the letters of a single word, are represented by a single trailing space. In turn, if no space is marked, none is visible in the manuscript.</p>
</editorialDecl></encodingDesc>
</teiHeader>

<text>
<body>

<div1>
<pb n="99r"/>
<lb/>
<sp><p><hi rend="rline">N</hi> au&longs;i&longs;trata </p></sp>
<sp><speaker>na </speaker><p><hi rend="rline">&longs;</hi>ati&longs; tibi e&longs;t. </p></sp>
<sp><speaker>ph</speaker><p>immo uere di&longs;cedo
<lb/>
<hi rend="rline">P</hi>ulcre. &et; probe. &et; preter &longs;pem </p></sp>
<sp><speaker>na </speaker><p><hi rend="rline">t</hi>u tuu&mz; nomen dic <expan>quod</expan> e&longs;t.</p></sp>
<lb/>
<sp><speaker>ph</speaker><p><hi rend="rline">M</hi> ihin? phormio ue&longs;tr&ecaud; famili&ecaud; h<expan>er</expan>c<expan>u</expan>le a<expan>m</expan>ic<expan>us</expan> &et;
<lb/>
<hi rend="rline">T</hi> uo &longs;umm<expan>us</expan> phedrie</p></sp>
<sp><speaker>na </speaker><p><hi rend="rline">p</hi>hormio. at ego eca&longs;tor
<lb/>
<hi rend="rline">P</hi> o&longs;thac tibi quod potero &et; que uole&longs; facia&mz; q<expan>ue</expan> &et; dica&mz;.</p></sp>
<lb/>
<sp><speaker>ph</speaker><p><hi rend="rline">B</hi> enigne dici&longs;</p></sp>
<sp><speaker>na </speaker><p><hi rend="rline">p</hi>ol meritu&mz; e&longs;t tuu&mz;</p></sp>
<sp><speaker>ph</speaker><p>uin primo
<lb/>
<hi rend="rline">h</hi> odie facere quod gaudea&mz; nau&longs;i&longs;trata. </p></sp>
<sp><speaker>na</speaker><p><hi rend="rline">c</hi>upio</p></sp>
<lb/>
<sp><speaker>ph</speaker><p><hi rend="rline">N</hi> e ad cena&mz; uoca </p></sp>
<sp><speaker>na</speaker><p>. <hi rend="rline">p</hi>ol u<expan>er</expan>o uoco.</p></sp>
<sp><speaker>de</speaker><p><hi rend="rline">e</hi>am<expan>us</expan> hinc
<lb/>
<hi rend="rline">I</hi> ntro.</p></sp>
<sp><speaker>ch</speaker><p><hi rend="rline">f</hi>iat. &longs;<abbr expan="ed">&mz;</abbr> ubi est phedria iudex no&longs;ter?</p></sp>
<lb/>
<sp><speaker>ph</speaker><p><hi rend="rline">I</hi> a&mz; hic faxo aderit. </p></sp>
<sp><speaker>&para;</speaker><p><hi rend="rline">u</hi>o&longs; ualete <hi rend="rline">&et;</hi> plaudite. <hi rend="rline">c</hi>aliopiu&longs; rece<expan>n</expan>&longs;iu.</p></sp>
<lb/>
<lb/>
<trailer><hi rend="rline">D EO GRATIAS AMEN</hi></trailer>
</div1>

</body></text></TEI.2>