<?xml version="1.0"?>
<?xml-stylesheet href="ds2.xsl" type="text/xsl"?>
<!DOCTYPE TEI.2 SYSTEM "ds3.dtd"[

	<!ENTITY % ISOlat1 SYSTEM "ISOlat1.pen"> %ISOlat1;  
	<!ENTITY % ISOlat2 SYSTEM "ISOlat2.pen"> %ISOlat2;  
	<!ENTITY % ISOnum SYSTEM "ISOnum.pen"> %ISOnum;  
	<!ENTITY % ISOpub SYSTEM "ISOpub.pen"> %ISOpub;  
        <!ENTITY longs "s">
        <!ENTITY ctlig "ct"> ]>

<TEI.2>
<teiHeader date.created="2002-08-27" creator="skg">
<fileDesc>
<titleStmt>
<title>Regulae grammaticales, Plimpton 133: A machine-readable transcription</title>
<author>Guarino Veronese</author>
<respStmt>
<resp>Transcribed and marked up by</resp> <name>Sharon K. Goetz</name>
</respStmt></titleStmt>

<publicationStmt>
<authority>Digital Scriptorium</authority>
<availability status="unknown"><p>Contact Digital Scriptorium for more information.</p></availability>
<date>2002</date>
</publicationStmt>

<sourceDesc>
<bibl>
<msIdentifier>
<region>New York</region>
<settlement>New York</settlement>
<institution>Columbia University</institution>
<repository>Rare Book and Manuscript Library</repository>
<collection>Plimpton</collection>
<idno>MS 133</idno>
</msIdentifier></bibl>
</sourceDesc></fileDesc>

<encodingDesc>
<samplingDecl>
<p>Marginalia have been ignored.</p></samplingDecl>
<editorialDecl>
<normalization method="tags"><p>Long s is distinguished as &amp;longs;, and the ct ligature is similarly recorded as &amp;ct;. Crossed ascenders and descenders and similar indications of abbreviation are tagged as expansions, with type defined as "susp" (suspension), "asc" (ascender), and "desc" (descender) where relevant. Initial capitals are highlighted with the rendered value "cap2" (two lines high).</p></normalization>
<hyphenation eol="all"><p>Physical line breaks are rigidly observed, and end-of-line hairlines are represented by dashes.</p></hyphenation>
</editorialDecl>
</encodingDesc>

<profileDesc>
<langUsage>
<language id="ita">Italian</language>
<language id="lat">Latin</language>
</langUsage></profileDesc>

</teiHeader>

<text>
<body>

<div1>
<pb n="19v"/>
<div2 type="prose">
<p>
<lb/><hi rend="cap2">N</hi>Ota q<expan type="asc">uo</expan>d verbum deponens ab&longs;o-
<lb/>lutum e&longs;t illud quod de&longs;init
<lb/>in. or. et non formatur &aacute; uerbo d<expan type="asc">e</expan>-
<lb/>&longs;inente in. o. et uult ante &longs;e no-
<lb/>minatiuum per&longs;one agentis et
<lb/>po&longs;t &longs;e non regit ca&longs;um &longs;ine auxi-
<lb/>lio prepo&longs;itionis po&longs;ite uel &longs;ub in-
<lb/>telle&ctlig;e. vt ego profici&longs;cor ad ludu<expan type="susp">m</expan></p></div2>
<div2 type="table">
<table rows="13" cols="3">
<row>
<cell>G radior</cell><cell>iris</cell><cell lang="ita"><ptr target="n1"/>per andare</cell>
</row>
<row>
<cell>P rofici&longs;cor</cell><cell>eris</cell><cell></cell>
</row>
<row>
<cell>R euertor</cell><cell>eris</cell><cell lang="ita">p<expan type="desc">er</expan> ritornare</cell>
</row>
<row>
<cell>I ra&longs;cor</cell><cell>eris</cell><cell lang="ita">p<expan type="desc">er</expan> irar&longs;i</cell>
</row>
<row>
<cell>L atinor</cell><cell>aris</cell><cell lang="ita">p<expan type="desc">er</expan> latinare</cell>
</row>
<row>
<cell>V er&longs;ificor</cell><cell>aris</cell><cell lang="ita">p<expan type="desc">er</expan> uer&longs;ificare</cell>
</row>
<row>
<cell>N ugor</cell><cell>aris</cell><cell lang="ita">p<expan type="desc">er</expan> cianciare</cell>
</row>
<row>
<cell>Q ueror</cell><cell>eris</cell><cell lang="ita"><ptr target="n1"/>p<expan type="desc">er</expan> lamentar&longs;i</cell>
</row>
<row>
<cell>C onq<expan type="susp">ue</expan>ror</cell><cell>eris</cell><cell></cell>
</row>
<row>
<cell>C onuer&longs;or</cell><cell>aris</cell><cell lang="ita">p<expan type="desc">er</expan> co<expan type="susp">n</expan>uer&longs;are</cell>
</row>
<row>
<cell>R a&longs;cio&longs;cinor</cell><cell>aris</cell><cell lang="ita">p<expan type="desc">er</expan> ragionare</cell>
</row>
<row>
<cell>A rgumentor</cell><cell>aris</cell><cell lang="ita">p<expan type="desc">er</expan> argome<expan type="susp">n</expan>tare</cell>
</row>
<row>
<cell>P relior</cell><cell>aris</cell><cell lang="ita">p<expan type="desc">er</expan> combattere</cell>
</row>
</table>
</div2></div1>

<div1>
<head>Notes</head>
<p id="n1">The entry in this third column is meant to accompany two rows' worth of first- and second-column entries. In the manuscript the third-column entry is positioned to line up with the space between the two rows; in the marked-up table, it appears as part of the first of the two rows it accompanies.</p></div1>

</body></text>
</TEI.2>