<?xml version="1.0"?>
<?xml-stylesheet href="ds2.xsl" type="text/xsl"?>
<!DOCTYPE TEI.2 SYSTEM "ds3.dtd"[

	<!ENTITY % ISOlat1 SYSTEM "ISOlat1.pen"> %ISOlat1;
	<!ENTITY % ISOlat2 SYSTEM "ISOlat2.pen"> %ISOlat2;
	<!ENTITY % ISOnum SYSTEM "ISOnum.pen"> %ISOnum;
	<!ENTITY % ISOpub SYSTEM "ISOpub.pen"> %ISOpub;
        <!ENTITY longs "s">
        <!ENTITY rround "r"> ]>

<TEI.2>
<teiHeader date.created="2002-08-29" creator="skg">
<fileDesc>
<titleStmt>
<title>A Machine-readable Transcription of Plimpton 30, verso (table)</title>
<respStmt>
<resp>Transcribed and marked up by</resp> <name>Sharon K. Goetz</name>
</respStmt></titleStmt>

<publicationStmt>
<authority>Digital Scriptorium</authority>
<availability status="unknown"><p>Contact Digital Scriptorium for more information.</p></availability>
<date>2002</date>
</publicationStmt>

<sourceDesc>
<bibl>
<msIdentifier>
<region>New York</region>
<settlement>New York</settlement>
<institution>Columbia University</institution>
<repository>Rare Book and Manuscript Library</repository>
<collection>Plimpton</collection>
<idno>MS 030</idno>
</msIdentifier></bibl>
</sourceDesc></fileDesc>

<encodingDesc>
<editorialDecl>
<normalization method="tags">
<p>Expansions are tagged with &lt;expan&gt; (added letters) or &lt;abbr&gt; (resolution of the con-glyph) but not assigned a type. Character entities have been defined for long s and round r. Colored initials are highlighted "capb" (blue) and "capr" (red), and the guide letters that appear next to each are not included in the transcription.</p>
</normalization>
<hyphenation eol="all"><p>Dashes appear in the transcription where end-of-line hairlines do in the manuscript.</p></hyphenation>
</editorialDecl></encodingDesc>
</teiHeader>

<text n="2">
<body>
<pb n="v"/>
<div1>
<p>
<fw type="head" place="top"><hi rend="red">L</hi><hi rend="blue">V</hi></fw>
<table cols="3">
<row>
<cell>
<lb/><hi rend="red">&para;</hi>Di&longs;putante<expan>m</expan> <abbr>con</abbr>tra philargiria<expan>m</expan> derride-</cell>
<cell>
<lb/>ficati&longs; co&rround;a<expan>m</expan> hominib<expan>us</expan>. <hi rend="capb">D</hi>eu&longs; a<expan>utem</expan></cell>
<cell></cell>
</row>
<row>
<cell>
<lb/>bant q<expan>uas</expan>i <abbr>con</abbr>t<expan>ra</expan>riu<expan>m</expan> legi. &amp; p<expan>ro</expan>ph<expan>et</expan>i&longs;. cu<expan>m</expan> in lege
<lb/>m<expan>u</expan>lti diuite&longs; deo placu<expan>er</expan>int. &amp; <unclear reason="rubbed">cu<expan>m</expan></unclear> lex &longs;ui&longs;</cell>
<cell>
<lb/>nouit co&rround;da u<expan>est</expan>ra. <hi rend="capr">Q</hi>uia q<expan>uo</expan>d ho<expan>min</expan>ib<expan>us</expan></cell>
<cell></cell>
</row>
<row>
<cell>
<lb/>ob&longs;<expan>er</expan>uato&rround;ib<expan>us</expan> bona<corr sic=""> </corr>t<expan>er</expan>re p<expan>ro</expan>mittat quib<expan>us</expan> oc-
<lb/>currit dice<expan>n</expan>&longs; di&longs;tantia<expan>m</expan> e<expan>ss</expan>e int<expan>er</expan> lege<expan>m</expan>. &amp; eua<expan>n</expan>-</cell>
<cell>
<lb/>alt<corr>er</corr>u<expan>m</expan> e&longs;t abho-</cell>
<cell>
<lb/><hi rend="blue">&para;</hi>Diue&longs; q<expan>uas</expan>i induebat<expan>ur</expan> <reg orig="pur. &amp; b. &amp; e.c.&longs;.">purpura &amp; bysso &amp; epulabatur cotidie splendide</reg> Iuda-
<lb/>icu<expan>m</expan> p<expan>o</expan>p<expan>u</expan>l<expan>u</expan>m &longs;ig<expan>nifica</expan>t. qui cultu<expan>m</expan> uite ext<expan>er</expan>iu&longs; h<expan>ab</expan>uit</cell>
</row>
<row>
<cell>
<lb/>g<expan>e</expan>liu<expan>m</expan>. <abbr>quia</abbr> i<expan>n</expan> lege carnalib<expan>us</expan> <abbr>propter</abbr> t<expan>er</expan>ram mino-
<lb/>ra p<expan>re</expan>cipiu<expan>n</expan>tur. In eu<expan>an</expan>g<expan>e</expan>lio &longs;pi<expan>ri</expan>talib<expan>us</expan> p<expan>ro</expan>pt<expan>er</expan></cell>
<cell>
<lb/>minatio e&longs;t</cell>
<cell>
<lb/>&amp; accepti&longs; legi&longs; delicij&longs; u&longs;u&longs; <abbr>est</abbr> ad nito&rround;e<expan>m</expan>. no<corr sic="">n</corr>
<lb/>ad utilitate<expan>m</expan>. Lazaru&longs; ulc<expan>er</expan>ib<expan>us</expan> plen<expan>us</expan> gentile<expan>m</expan></cell>
</row>
<row>
<cell>
<lb/>celu<expan>m</expan> p<expan>re</expan>cipiu<expan>n</expan>tur maio&rround;a. Ideo i<expan>n</expan> eu<expan>an</expan>g<expan>e</expan>liza-
<lb/>t<expan>i</expan>o<expan>n</expan>e regni; addit. &amp; o<expan>mn</expan>i&longs; uim facit.</cell>
<cell>
<lb/>an<expan>te</expan> d<expan>eu</expan>m. <add place="supralinear">p<expan>er</expan> vbi t<expan>em</expan>p<expan>o</expan>&rround;alia</add> <hi rend="capb">L</hi>ex</cell>
<cell>
<lb/>&longs;ig<expan>nifica</expan>t. qui <abbr>con</abbr>u<expan>er</expan>&longs;u&longs; ad d<expan>eu</expan>m du<expan>m</expan> pecc<expan>at</expan>a <abbr>con</abbr>fitet<expan>ur</expan>. un<expan>us</expan>
<lb/>q<expan>uod</expan> int<expan>us</expan> latebat q<expan>uas</expan>i rupta cute fora&longs; emittit.</cell>
</row>
<row>
<cell>
<lb/><hi rend="blue">&para;</hi>Du<expan>m</expan> pecc<expan>at</expan>o&rround;e&longs; q<expan>u</expan>i infirmo&longs;. &amp; de&longs;p<expan>er</expan>ato&longs; <abbr>con</abbr>te<expan>m</expan>p-</cell>
<cell></cell>
<cell></cell>
</row>
</table></p>
</div1>
</body></text></TEI.2>