<lb n="xxxx0:1"/>&#x9;&#x20;&#x20;Obse�
<lb n="xxxx0:2"/>&#x9;&#x20;&#x20;cro vos tanquam aduenas et peregrinos
<lb n="xxxx0:3"/>&#x9;&#x20;&#x20;abstinere vos a carnalib<abbr expan="us"/> desiderijs q<abbr expan="ue"/> 
<lb n="xxxx0:4"/>&#x9;&#x20;&#x20;militant aduersus animam . <name>pr<superscript>i</superscript>ma petri.</name> ij<brace>o</brace>.  c<abbr expan="apitulo"/>.</ink>
<lb n="xxxx0:5"/>&#x9;&#x20;&#x20;MIN15
<!-- 1 blank line(s) here -->
<lb n="xxxx0:7"/>&#x9;&#x20;&#x20;<ink type="red">Texte .  .iij.</ink> 
<lb n="xxxx0:8"/>&#x9;&#x20;&#x20;BL1 
