<?xml version="1.0"?>
<?xml-stylesheet href="ds2.xsl" type="text/xsl"?>
<!DOCTYPE TEI.2 SYSTEM "ds3.dtd"[

	<!ENTITY % ISOlat1 SYSTEM "ISOlat1.pen"> %ISOlat1;
	<!ENTITY % ISOlat2 SYSTEM "ISOlat2.pen"> %ISOlat2;
	<!ENTITY % ISOnum SYSTEM "ISOnum.pen"> %ISOnum;
	<!ENTITY % ISOpub SYSTEM "ISOpub.pen"> %ISOpub; 
        <!ENTITY longs "s"> ]>

<TEI.2>
<teiHeader date.created="2002-08-24" creator="skg">
<fileDesc>
<titleStmt>
<title>Poly-Olbion: A machine-readable transcription of the 1613 title page</title>
<author>Matthew Drayton</author>
<respStmt>
<resp>Marked up by</resp> <name>Sharon K. Goetz</name>
</respStmt></titleStmt>

<publicationStmt>
<authority>Digital Scriptorium</authority>
<availability status="unknown"><p>Contact Digital Scriptorium for more information.</p></availability>
<date>2002</date>
</publicationStmt>

<sourceDesc>
<biblFull>
<titleStmt>
<title>Poly-Olbion</title>
<author>Drayton, Matthew</author>
</titleStmt>
<publicationStmt>
<publisher>Printed by H.L. for Mathew Lownes, I. Browne, I. Helme, and I. Busbie</publisher>
<pubPlace>London</pubPlace>
<date>1613</date>
<idno type="LCCN">PR2257.P65 1613</idno>
</publicationStmt></biblFull>
</sourceDesc></fileDesc>
</teiHeader>

<text>
<front>
<titlePage>
<docTitle>
<titlePart type="main"><lb/>POLY-OLBION.</titlePart>
<titlePart><lb/>or</titlePart>
<titlePart type="alt"><lb/><hi rend="ital">A Chorographicall</hi> De&longs;cription of <hi rend="ital">Tracts, Riuers,
<lb/>Mountaines, Fore&longs;ts,</hi> and other Parts of this renowned <hi rend="ital">I&longs;le</hi>
<lb/>of <hi rend="ital">Great Britaine</hi>,
<lb/>With intermixture of the mo&longs;t Remarquable <hi rend="ital">Stories, Antiquities, Wonders,
<lb/>Rarityes, Pleasures, and Commodities</hi> of
<lb/>the &longs;ame:</titlePart>
<titlePart type="desc"><lb/>Digested in a Poem</titlePart>
</docTitle>

<byline><lb/>By
<lb/><docAuthor>MICHAEL DRAYTON</docAuthor>,
<lb/><hi rend="ital">E&longs;q.</hi></byline>
<titlePart type="desc"><lb/>With a <hi rend="ital">Table</hi> added, for direction to tho&longs;e occurrences of <hi rend="ital">Story</hi> and <hi rend="ital">Antiquitie</hi>,
<lb/>whereunto the Cour&longs;e of the Volume ea&longs;ily leades not.</titlePart>
<docImprint><lb/><pubPlace>LONDON</pubPlace>.
<lb/>Printed by <name>H.L.</name> for <name>M<hi rend="ital">athew Lownes</hi></name>: <hi rend="ital"><name>I. Browne</name>: <name>I. Helme</name></hi>,
<lb/>and <hi rend="ital"><name>I. Busbie</name></hi>. <docDate>1613</docDate>.</docImprint>
</titlePage>
</front>

<body>
<div><p></p></div>
</body>

</text>
</TEI.2>
