<?xml version="1.0"?>
<?xml-stylesheet href="ds2.xsl" type="text/xsl"?>

<!DOCTYPE TEI.2 SYSTEM "ds3.dtd"[

<!ENTITY % ISOlat1 SYSTEM "ISOlat1.pen"> %ISOlat1;
<!ENTITY % ISOlat2 SYSTEM "ISOlat2.pen"> %ISOlat2;
<!ENTITY % ISOnum SYSTEM "ISOnum.pen"> %ISOnum;
<!ENTITY % ISOpub SYSTEM "ISOpub.pen"> %ISOpub;
<!ENTITY % ISOtech SYSTEM "ISOtech.pen"> %ISOtech;

<!ENTITY longs "s" ><!-- representing long s character -->
<!ENTITY yogh "3" ><!-- representing yogh character -->
<!ENTITY dloop "d" ><!-- representing looped-ascender d character -->
<!ENTITY rround "r" ><!-- representing round r character -->
<!ENTITY wanglicana "w" ><!-- representing anglicana w character -->
<!ENTITY xanglicana "x" ><!-- representing anglicana x character -->
<!ENTITY eslig "es" ><!-- representing es glyph character -->
]>


<!--demonstration excerpts edited sep 2001 by sharon k. goetz for Digital Scriptorium; updated jul 2002 to account for msIdentifier-->


<TEI.2>
<teiHeader type="text" date.created="feb1999" date.updated="aug2000" creator="skg">
<fileDesc>
<titleStmt>
<title>The Middle English prose Brut: A machine-readable transcription of Bancroft MS UCB 152</title>
<respStmt>
<resp>Transcribed from manuscript, marked up, and mildly edited by</resp> 
<name>Sharon K. Goetz</name>
</respStmt></titleStmt>
<editionStmt>
<edition n="0.9b">Preliminary version: main text complete and corrected, 
marginalia complete but inconsistently identified</edition>
</editionStmt>
<extent>1.2 Mb</extent>
<publicationStmt>
<authority>Digital Scriptorium</authority>
<availability status="unknown">
<p>Contact Digital Scriptorium for more information.</p>
</availability>
<date>2001-09-05</date>
</publicationStmt>

<notesStmt>
<note>Bancroft MS UCB 152 is described briefly on 
<bibl>p. 115, <author>Lister M. Matheson</author>
<title>The Prose Brut: The development of a Middle English chronicle</title>
<pubPlace>Tempe, AZ</pubPlace>
<publisher>Medieval &amp; Renaissance Texts &amp; Studies</publisher>
<date>1998</date></bibl></note>
</notesStmt>

<sourceDesc>
<bibl><msIdentifier>
<region>California</region>
<settlement>Berkeley</settlement>
<institution>University of California</institution>
<repository>The Bancroft Library</repository>
<idno>fBANC MS UCB 152</idno></msIdentifier>: 
<title>Brut chronicle</title></bibl>
</sourceDesc>

</fileDesc>

<encodingDesc>
<projectDesc><p>The transcription began as an undergraduate independent 
study project in Aug., 1996, and was later marked up for Digital Scriptorium.</p>
</projectDesc>
<samplingDecl><p>Included are not only the manuscript's main text but 
also marginalia added by later hands and, where possible, indications 
of color.</p></samplingDecl>
<editorialDecl>

<correction status="high" method="tags">
<p>Wherever the text deviates from its standard usage or 
orthography--e.g., by running words together that it usually 
separates with a space--the corr element and sic attribute 
record editorial opinion. There are no silent emendations, 
though whether a gap between two letters constitutes a 
formal space (for example) requires a subjective decision.
</p>
<p>For corrections indicated in the manuscript, both the 
original reading and its emendation have been recorded 
where possible; the rend attribute signals whether the 
letter has been struck through (implicit default), 
whether dots appear beneath a letter ("dot"), whether both 
types of mark appear ("dotline"), or whether a letter has 
been both super- and subpuncted ("2dot"). The add element 
tags both corrections placed supralineally (type="sl") 
and on the line (default). Where two hatch marks indicate 
transposition of words, ,, appears in the transcription.</p>
</correction>

<hyphenation eol="all">
<p>The lb milestone preserves the manuscript's lineation, and "-" appears in the transcription where the manuscript's end-of-line hairlines are visible.</p>
</hyphenation>

<normalization method="tags">
<p>Multiple forms of some letters and abnormal capitalizations are represented 
as well as ASCII characters, standard entities, and the hi element can manage 
them:  
q&thorn; (ligatured glyph for "quoth"), 
&hstrok; and &lstrok; (crossed h and l),  
-- (the two virgules before a paraph), 
; (punctus elevatus), 
&amp; (et-sign), 
- (analogous hairline), 
.. (punctus with attached wavy line). 
A grave accent follows s and t when they appear with an attached hairline in 
the manuscript. Note that though the letter "x" appears as "x" and "&xanglicana; in the transcription, the manuscript bears three forms; "x" serves both for 
the form found regularly throughout and for the secretary form found 
occasionally in the latter three-fifths of the text.</p>
</normalization>

<segmentation>
<p>The pb milestone marks folio rectos and versos; since the text is single-column, cb is unnecessary. The top-level division, "cap", contains a complete chapter (capitulum). By default, "cap" divs thus contain a head element (where extant) and a second-level div, which contains the chapter's main text. Second-level divs are marked one of {initb, initg, initbu, initgu}, where "init" stands for "initial," "b" for a blue initial letter, "g" for a gold one, and "u" for two-line initials that occupy a line above their accompanying text. (Most two-line initials begin on the same line as their accompanying text and extend one line below; this has been considered default behavior.) Divs whose heads or ends have been lost due to missing leaves are marked "mid". If part of a heading appears on a separate line, the hi element tags it instead of head. Lastly, the ubiquitous p element contains text within init divs; a p section ends when a div does or, within it, before a red or blue paraph mark (&para;).</p>
<p>At the word level, two main types of abbreviations have been noticed and treated differently. Sets of letters such as "Ier&lstrok;m" and "i&hstrok;u" mark their letter-omission by crossing l and h, respectively, but are not accompanied by a glyph that clearly indicates which letters should be supplied in an expansion. They have been tagged with the abbr element and expan attribute. By contrast, the much more common use of short lines or superscript glyphs to mark where a nasal (n or m) or the letters "ri" ought to be inserted, for example, has been represented using the expan element and type attribute. Individual entities were not created for each abbreviation type because such a thought did not occur initially to the editor and because it seems that the manuscript's scribe treated "i&hstrok;u" differently from "anon" with a line over the second n (sc. "anone"): the former constitutes a consistently used single glyph, but the latter appears alongside unabbreviated "anone". Also, even more inconsistently, towards the end of the text different marks are used in different instances to indicate the same lack. Arguably, by this reasoning, the standard abbreviation for "with" (t<expan type="ss">i</expan><hi rend="sl">t</hi><expan type="ss">h</expan>) should be tagged <abbr expan="with">w<hi rend="sl">t</hi></abbr>, but it appears the first way because one occasionally sees "with" spelled out in full.</p>
<p>The attribute "ss" indicates letters supplied from a superscript-based abbreviation (as in "with"), but the other attributes denote explicit glyphs: sl (a supralinear letter that forms part of an abbreviation), bx ("er" from crossed b-ascender), er ("e" or "er" from mark resembling apostrophe), eo (otiose er--e.g., "ffadir" on 3v needs no final "e"), fm ("m", "n", or final "e" from a subpuncted overline that resembles a fermata), fo (otiose fm that appears frequently over the et-glyph in the latter part of the text), ol ("m", "n", or final "e" from an overline without dot), oo (otiose ol), ra ("ra" from the mark that indicates "ua" or "ra" in Latin texts, here used only for the latter letter-pair), ri ("ri" from, similarly, the Latin "ui"/"ri" mark), px ("er" from crossed p-descender), px2 ("ro" from curve-crossed p-descender), sr ("&longs;ire" from the unique glyph). The expan element and supplied letters appear where logical even if the abbreviation mark appears a letter over. {eo,fo,oo}-type expan elements are always empty.</p>
</segmentation>

<stdVals><p>All roman numerals have been supplied with num elements and arabic 
values.</p></stdVals>

<interpretation>
<p>Because of restrictions on which elements it can contain, the w element 
was deemed too difficult to use consistently. It cannot, for example, enclose 
the expan element, which means that it cannot be used to tag abbreviated words 
that feature unusual spacing or that are split by a line break.</p>
<p>Ownership of marginalia (hand attribute) remains to be sorted properly, 
since two of the hands presently defined separately may in fact be the same 
person (likely two of {C19, h, C17}. Also, with some research it should be 
possible to ascertain C19's identity (the Marquess of Bute, his librarian, 
and Bute's predecessor as MS-owner are the likely candidates).</p>
</interpretation>
</editorialDecl>
</encodingDesc>

<profileDesc>
<creation>
<dateRange from="1450" to="1480" exact="none">third quarter of fifteenth century</dateRange></creation>
<handList>
<hand id="C17"/>
<hand id="tl" scribe="Thomas London"/>
<hand id="mw" scribe="Mary Whinkop"/>
<hand id="tt" scribe="Timothy Thornborough"/>
<hand id="C19"/>
<hand id="h" scribe="header-writer"/>
<hand id="unk" scribe="unknown--placeholder"/>
</handList>
</profileDesc>

<revisionDesc>
<list>
<item><date>1998-07-10</date><name>SKG</name> transcription completed</item>
<item><date>2000-03-17</date><name>SKG</name> correction of transcription (main text) completed</item>
<item><date>2000-07-14</date><name>SKG</name> erasures/marginalia examined with UV light</item>
<item><date>2000-08-14</date><name>SKG</name> teiHeader details added</item>
</list></revisionDesc>

</teiHeader>


<text>
<body>
<div1 type="cap">
<div2 type="mid"><p>

<pb n="1r"/>
<add place="left" hand="unk"><lb/>T.|TN</add>
<add place="top" hand="tl">Teberton <abbr expan="Suffolk">Suf</abbr> 
<abbr expan="Anno">Ano</abbr> 
<abbr expan="domini">doii</abbr> 1627
<lb/>
Thomas London his Booke</add></p>
<p>
<lb/>&longs;pou&longs;en Co&rround;yn<expan type="er">e</expan> 
doughter that men callid Guentolen.  </p>

<p><hi rend="r">&para;</hi>And co&rround;yn in ha&longs;t
<lb/>&wanglicana;ente to him vnto newe Tro&yacute;e and thus &longs;aide to lotr&yacute;n now certis q&thorn; he ye
<lb/>rewardit&hstrok; me fu&lstrok;&lstrok; eue&lstrok;&lstrok; for a&lstrok;&lstrok; the pe&yacute;nes that I &longs;uffrid and hadde man&yacute;
<lb/>tymes fo&rround; Brutt youre ffadir and therfo&rround;e now I wille auenge me vppon
<lb/>you and drowh his fauchon an hih<expan type="er">e</expan> and wold haue &longs;la&yacute;n lotr&yacute;n. But the Da
<lb/>m&yacute;&longs;e&lstrok;&lstrok; went betwene ham and made ham aco&rround;ded in this man<expan type="er">er</expan>e that lotr&yacute;n
<lb/>&longs;chulde &longs;pou&longs;e Guentolen that was` Co&rround;inus` &dloop;oughter and &longs;o lotr&yacute;n did and
<lb/>natheles` thoug&hstrok; he ha&dloop; &longs;pou&longs;ed Co&rround;inus` &dloop;oughter p<expan type="ri">ri</expan>ueliche he come to
<lb/>E&longs;trilde and brought hir with childe and gate on hir a Doughter that me<expan type="ol">n</expan>
<lb/>callid Abraham  </p><p>--<hi rend="b">&para;</hi>Hit bife&lstrok;&lstrok; anone aftir that Co&rround;&yacute;n diede and anone as
<lb/>he was dede lotr&yacute;n fo&rround;&longs;oke Guentolen his w&yacute;fe an made E&longs;trilde Quene and
<lb/>Guentolen went thens` all in wrath<expan type="er">e</expan> in to Co&rround;newaile and &longs;ei&longs;ede a&lstrok;&lstrok; the
<lb/>lande in to hir<expan type="er">e</expan> hande fo&rround; as muche as &longs;cheo was hir<expan type="er">e</expan> ffadir<expan type="er">e</expan>s` eire and vnder-
<lb/>fenge feaut&yogh; and homages` of a&lstrok;&lstrok; the men of the lande and aftir a&longs;&longs;embled a
<lb/>grete ho&longs;t and a gretter pouer fo&rround; to ben vppon<expan type="ol">e</expan> lotr&yacute;n auenged that was hir<expan type="er">e</expan>
<lb/>lo&rround;de and to him came and yaf a &longs;trong batai&lstrok;&lstrok; and ther was lotr&yacute;n &longs;la&yacute;n
<lb/>and his men di&longs;comfited the f&yacute;fte yere of his reigne.  </p><p>--<hi rend="r">&para;</hi>Guentolen lete take
<lb/>E&longs;trilde and Abraham hire Doughter and lete b&yacute;nde bothe hand&yacute;s` and fete
<lb/>and ca&longs;t ham in to watir and &longs;othe&yacute; were drenched wherfo&rround;e that watir
<lb/>was eu<expan type="er">er</expan>mo&rround;e callid aftir Abraham aftir the name of the Dami&longs;e&lstrok;&lstrok; that
<lb/>was E&longs;trildes` Doughter and engl&yacute;&longs;ch men callen that watir Seuerne
<lb/>and wal&longs;che men callen it habraham in to this daie  </p><p><hi rend="b">&para;</hi>And whenne this
<lb/>was done lete co&rround;oune hire quene of that lande and gou<expan type="er">er</expan>ned the lande fu&lstrok;&lstrok; wel
<lb/>and w&yacute;&longs;el&yacute; vnto the t&yacute;me that 
Madhon hire &longs;one that lotr&yacute;n hadde begete
<lb/>vppon hire were of <num value="20">xx.</num> yere age that he myght <del>big&yacute;nne </del>be king &longs;o that
<lb/>the qvene regned <num value="15">xv</num> &yacute;ere and tho lete &longs;cheo <del>went in to </del>croune hire &longs;one and
<lb/>he regned and gou<expan type="er">er</expan>ned the lande wel and honourabl&yacute; and &longs;cheo went in to
<lb/>Co&rround;newai&lstrok;&lstrok; and there &longs;cheo dwellid a&lstrok;&lstrok; his l&yacute;ves t&yacute;me  </p>
</div2>
</div1>

<div1 type="cap">
<head>Of king Madhan
<lb/>how he regned in pees` a&lstrok;&lstrok; his l&yacute;fe and of Menpr&yacute;s` and of Manl&yacute;n his`
<lb/>&longs;ones` and how menpr&yacute;s` folow&yacute;s` Manl&yacute;n his brother and how wolfes` <del rend="dot">d.</del>
<lb/>drow him a&lstrok;&lstrok; to peces`  Ca<expan type="ss">pitulu</expan><hi rend="sl">m</hi>. <num value="6">vj<hi rend="sl">m</hi>.</num></head>
<div2 type="init"><p>
<lb/><hi rend="initb">W</hi>henne Madhan had regned <num value="30">xxx.</num> yere he diede and lieth at new Troye
<lb/>and hadde <num value="2">ij.</num> &longs;ones` that one men callid menpr&yacute;s` and that o&thorn;er
<lb/>Manlyn and the&longs;e <num value="2">ij.</num> brethren aftir hir fadres` dethe &longs;tr&yacute;uen fa&longs;t fo&rround; the
<lb/>lande and Menpr&yacute;s` fo&rround; enche&longs;on that he was elde&longs;t he wolde haue hadde
<lb/>a&lstrok;&lstrok; that lande and Manl&yacute;n wold not &longs;uffre him &longs;o that the&yacute; token a
<add place="bottom" hand="C19">MSS -B</add>

<pb n="1v"/>
<lb/>daie of loue and of aco&rround;de.. And at this daie Menprys` lete quelle his bro&thorn;<expan type="er">er</expan>
<lb/>thorough tre&longs;on and him &longs;elfe aftirwarde hilde the lande and anon<expan type="fm">e</expan> lett co&rround;oune
<lb/>him king and regned and aftirwarde he bicome &longs;o lu&thorn;<expan type="er">er</expan> aman that he de&longs;tro&yacute;-
<lb/>ede in a while a&lstrok;&lstrok; the men of his contre and lande. And at the la&longs;t he bi-
<lb/>come &longs;o wecked aman and &longs;o lecherous` that he fo&rround;&longs;oke his owne w&yacute;fe and v-
<lb/>&longs;id the &longs;&yacute;nne of Sodom&yacute;e wherfo&rround;e alm&yacute;ght&yacute; god was wrot&hstrok; and vppon
<lb/>him toke veniau<expan type="fm">n</expan>ce  </p><p>--<hi rend="b">&para;</hi>ffo&rround; vppon a daie as he wente in a woode in hunty<expan type="fm">n</expan>ge
<lb/>he lo&longs;t his folke and went allone vp and down cr&yacute;&yacute;nge aftir his men and
<lb/>there come wolues and a&lstrok;&lstrok; to drough him in to peces` and tho he had regned
<lb/><num value="24">xxiiij.</num> &yacute;ere and whenne his peple wi&longs;t that he was dede the&yacute; made io&yacute;e &yacute;nou&hstrok;
<lb/>and anone made Ebrac his &longs;one king and he regned w<expan type="ss">i</expan><hi rend="sl">t</hi><expan type="ss">h</expan> muchil honour<expan type="er">e</expan>..</p>
</div2>
</div1>

<div1 type="cap">
<head><lb/>Of king Ebrac how he conquerede ffraunce and bigate <num value="20">xx</num> &longs;ones and <num value="23">xxiij</num>
<lb/>Doughtres`  Ca<expan type="ss">pitulu</expan><hi rend="sl">m</hi>. <num value="7">vij<hi rend="sl">m</hi>..</num></head>
<div2 type="init"><p>
<lb/><hi rend="initg">T</hi>His` Ebrak regnede &longs;ixt&yacute;  &yacute;ere and a &longs;trong man was` and m&yacute;ght&yacute;
<lb/>and this Ebrak thorugh his m&yacute;ght and helpe of Bruton<expan type="fm">e</expan>s con
<lb/>querede a&lstrok;&lstrok; ffraunce and wa<expan type="fm">n</expan>ne ther &longs;o mochel <del rend="dot">good </del>gold and &longs;&yacute;luer that
<lb/>wha<expan type="fm">n</expan>ne he come a&yacute;en in to this lande he made a noble citee and aftir his na-
<lb/>me lete calle it Ebrak that now is callid eu<expan type="er">er</expan>ywyk and this Ebrak made the
<lb/>Ca&longs;te&lstrok;&lstrok; of maidens` that now is clepide Edingburgh<expan type="eo"></expan>.  </p>
</div2></div1>


<pb n="3v"/>
<div1>
<head>How Re&yacute;nold that was Conedages &longs;one regnede.
<lb/>after his fadir and in his t&yacute;me it reyned blood i<expan type="ol">n</expan> tokeni<expan type="fm">n</expan>g of g<expan type="ss">r</expan><hi rend="sl">e</hi>t deth <num value="3">iij</num> daies`</head>

<div2 type="initup"><p>
<lb/><add rend="head" place="left">ca<expan type="ss">pitulu</expan><hi rend="sl">m</hi> <num value="15">xv<hi rend="sl">m</hi>.</num></add><hi rend="initg">A</hi>nd aftir this Conage regnede Re&yacute;nolde his &longs;one aw&yacute;&longs;e kn&yacute;ght and an
<fw type="cw">hard&yacute; and</fw>

<pb n="4r"/>
<lb/>hard&yacute; and a curte&yacute;s` that we&lstrok;&lstrok; and nobel&yacute; gouernede the lande and wonder
<lb/>we&lstrok;&lstrok; made him biloued of a&lstrok;&lstrok; maner<expan type="eo"></expan> of folk, and in his t&yacute;me it ra&yacute;nede bloode
<lb/>...
</p>


<pb n="6v"/>
<p>
<lb/>... whenne Armoger &longs;awe his Bro&thorn;<expan type="er">er</expan> dede he ca&longs;t a wa&yacute;e his Ar
<lb/>mes and nome to him his Bro&thorn;<expan type="er">er</expan>s armes and come into the Bataile
<lb/>amonge the Bruton<expan type="fm">e</expan>s and badde hertel&yacute; for to fig&hstrok;t and fa&longs;te la&yacute; adoun<expan type="fm">e</expan>
<lb/>the Roma&yacute;nes and for the Armes thei hadde wente that hit hadde ben<expan type="fm">e</expan> &thorn;e
<lb/>king Ginder that er&longs;t was &longs;la&yacute;n and thei wi&longs;t nou&yogh;t and tho gon<expan type="fm">e</expan> the briton<expan type="fm">e</expan>s
<lb/>hertl&yacute;e f&yacute;ght and quelde the Roma&yacute;ns &longs;o at the la&longs;t the Emp<expan type="px">er</expan>our fo&rround;&longs;oke &thorn;e
<lb/>felde and <sic corr="f">&longs;</sic>le&yacute; as fa&longs;te as he myg&hstrok;t in to the citee of w&yacute;nche&longs;tr<expan type="er">e</expan> And fals trai
<lb/>tour hamon that hadde quelde the king fa&longs;t anon<expan type="ol">e</expan> gan fo&rround;to flee w<expan type="ss">e</expan><hi rend="sl">t</hi><expan type="ss">h</expan> 
a&lstrok;&lstrok; the
<lb/>ha&longs;t that he m&yacute;ght. And ...
</p>

<pb n="56v"/>
<p>
<add place="top" hand="h">John.</add>
<delSpan type="X" to="f56v18"/><lb/>cri&longs;tendome that a&lstrok;&lstrok; the bi&longs;&longs;hoppes bi&yogh;onde &thorn;e &longs;ee that thei don acur&longs;e a&lstrok;&lstrok; &thorn;o
<lb/>&thorn;at helpit&hstrok; &yacute;ou o&rround; en&yacute; coun&longs;eile &yogh;eue in en&yacute; maner nede that &yacute;e haue for-
<lb/>to done in en&yacute; partie of the wo&rround;lde and a&longs;&longs;oile a&lstrok;&lstrok; ham that a&yogh;ens &yacute;ou me-
<lb/>ve en&yacute; werre.  </p><p><hi rend="r">&para;</hi>And we a&longs;&longs;oile al&longs;o a&lstrok;&lstrok; ham bi the aucto&rround;ite of &thorn;e pope
<lb/>and comaunde ham al&longs;o wit&hstrok; &yacute;ou fo&rround; to werre as wit&hstrok; ham &thorn;at is enem&yacute;
<lb/>vnto hol&yacute; chirche  </p><p><hi rend="b">&para;</hi>&THORN;o an&longs;werede &thorn;e king what mow &yacute;e done me mo&rround;e.
<lb/></p><p><hi rend="r">&para;</hi>Tho an&longs;weride Pandolf we &longs;ein to &yacute;ou in verbo dei &thorn;at &yacute;e ne none
<lb/>heire that &yacute;e haue neuer after this daie ma&yacute; be crounede.  </p><p><hi rend="b">&para;</hi>&THORN;o &longs;aide &thorn;e
<lb/>king bi him that is alm&yacute;ght&yacute; god and I hadde wi&longs;te of this &thorn;ing er &thorn;at
<lb/>&yacute;e come into m&yacute; lande &thorn;at &yacute;e hadde me brou&yogh;t &longs;uche t&yacute;d&yacute;nge I &longs;chulde
<lb/>haue made &yacute;ou ride a&lstrok;&lstrok; an hoole &yacute;ere.  </p><p><hi rend="r">&para;</hi>Tho an&longs;werede Pandolf fu&lstrok;&lstrok; we&lstrok;&lstrok;
<lb/>wende wee att our<expan type="er">e</expan> fir&longs;t com&yacute;ng that &yacute;e wolde haue ben<expan type="fm">e</expan> obedient to god &amp;<expan type="fo"></expan>
<lb/>to hol&yacute; chirche and haue fulfillede &thorn;e popes comaundement &amp;<expan type="fo"></expan> now wee
<lb/>haue &longs;chewede and p<expan type="px2">ro</expan>nouncede vnto &yacute;ou &thorn;e popes wille as we were chargede
<lb/>there wit&hstrok; and as now &yacute;e haue &longs;aide and if &yacute;e hadde wi&longs;te the cau&longs;e of our<expan type="er">e</expan>
<lb/>com&yacute;ng that &yacute;e wolde haue made vs ride a&lstrok;&lstrok; an hool &yacute;ere and as we&lstrok;&lstrok;
<lb/>&yacute;e m&yacute;g&hstrok;t haue &longs;aide that &yacute;e wolde haue take an hoole &yacute;ere of re&longs;p&yacute;te wi&thorn;
<lb/>&thorn;e popes leue..  </p><p>--<hi rend="b">&para;</hi>But fo&rround;to &longs;uffre what det&hstrok; &yacute;e cou&thorn;e o&rround;de&yacute;ne wee<anchor id="f56v18"/>
<lb/>&longs;chu&lstrok;&lstrok; no&yogh;t &longs;pare fo&rround; to telle &yacute;ou hool&yacute;che a&lstrok;&lstrok; the popes me&longs;&longs;age and
<lb/>his wille that wee were char<del rend="dot">e</del>gede wit&hstrok;  </p>
</div2></div1>

</body>
</text>
</TEI.2>